Stock,Buy,Return,Volatility,Sharpe Ratio,PE Ratio
NVIDIA Corp,36,2.27,0.5463,4.057660626,243.49
Microsoft Corp,38,0.419,0.23,1.59188956,34.96
Alphabet Inc.,35,0.4828,0.2326,1.860705073,28.12
